praf,pmek,plcg,PIP2,PIP3,p44/42,pakts473,PKA,PKC,P38,pjnk
2436.0,3685.0,137.0,235.0,12.9,99.1,308.0,1459.0,207.0,1322.0,151.0
114.0,160.0,108.0,269.0,15.4,53.8,274.0,655.0,51.9,237.0,99.1
557.0,947.0,418.0,737.0,4.49,27.9,117.0,626.0,28.1,150.0,42.9
638.0,914.0,50.9,93.9,17.2,111.0,542.0,496.0,41.8,244.0,137.0
316.0,461.0,1055.0,1611.0,13.2,40.3,167.0,528.0,6.61,52.8,22.3
181.0,279.0,437.0,704.0,9.06,10.0,37.2,500.0,143.0,898.0,271.0
213.0,328.0,131.0,188.0,7.99,89.0,491.0,496.0,45.3,271.0,135.0
139.0,189.0,66.1,136.0,11.9,172.0,973.0,103.0,10.1,32.5,10.9
173.0,274.0,457.0,737.0,42.2,229.0,1298.0,1472.0,95.6,588.0,17.3
322.0,500.0,322.0,547.0,7.99,632.0,3078.0,655.0,38.2,250.0,1.51
1999.0,2738.0,146.0,281.0,23.9,45.3,219.0,750.0,6.92,13.3,30.0
389.0,588.0,264.0,445.0,16.5,28.4,139.0,119.0,170.0,1230.0,219.0
122.0,181.0,85.1,172.0,31.1,22.7,80.6,610.0,103.0,673.0,12.2
509.0,723.0,64.4,101.0,12.4,244.0,1286.0,1715.0,61.0,372.0,89.0
227.0,334.0,86.6,155.0,4.96,50.9,248.0,588.0,54.7,355.0,161.0
99.1,112.0,667.0,1075.0,24.1,73.7,362.0,784.0,3.82,12.7,15.0
175.0,231.0,131.0,225.0,8.9,6.44,15.3,22.5,26.7,204.0,6.73
1472.0,2129.0,655.0,1176.0,22.7,25.5,122.0,59.4,12.5,53.3,44.5
204.0,355.0,115.0,196.0,10.6,111.0,604.0,1472.0,31.3,193.0,34.6
1165.0,1685.0,1334.0,2072.0,55.2,28.1,135.0,562.0,53.3,334.0,12.5
161.0,269.0,269.0,470.0,35.9,111.0,509.0,1407.0,56.2,334.0,139.0
274.0,410.0,202.0,313.0,58.3,84.3,414.0,1208.0,4.53,28.1,43.3
248.0,389.0,1230.0,1860.0,21.1,60.4,422.0,76.4,21.7,93.9,61.5
372.0,588.0,17.5,47.4,8.74,125.0,604.0,1065.0,57.8,359.0,151.0
1046.0,1568.0,449.0,820.0,79.9,710.0,3491.0,737.0,16.7,75.7,36.8
286.0,375.0,235.0,418.0,21.3,119.0,588.0,533.0,50.5,316.0,1.0
157.0,274.0,461.0,843.0,36.2,98.2,528.0,567.0,10.6,71.7,32.8
461.0,723.0,231.0,422.0,12.2,50.9,223.0,470.0,104.0,692.0,145.0
281.0,414.0,143.0,259.0,10.6,111.0,661.0,523.0,108.0,717.0,123.0
621.0,1065.0,129.0,237.0,15.3,150.0,813.0,1459.0,118.0,851.0,129.0
269.0,426.0,375.0,615.0,14.2,47.8,221.0,562.0,26.7,146.0,24.1
305.0,445.0,34.6,40.3,10.4,219.0,1241.0,337.0,22.9,119.0,20.4
106.0,142.0,71.7,98.2,15.0,11.3,73.0,649.0,35.2,255.0,38.5
49.6,49.6,956.0,1582.0,19.6,372.0,1762.0,939.0,9.47,75.7,45.7
95.6,136.0,547.0,1114.0,56.7,578.0,3134.0,1124.0,1.07,29.4,15.1
359.0,470.0,48.3,53.8,39.2,200.0,1055.0,799.0,56.7,308.0,70.4
181.0,271.0,44.1,319.0,38.9,33.7,92.2,346.0,59.4,392.0,173.0
196.0,322.0,188.0,322.0,59.9,143.0,737.0,122.0,59.4,359.0,34.6
59.4,72.3,67.3,125.0,22.3,110.0,644.0,496.0,145.0,906.0,63.2
114.0,145.0,269.0,407.0,26.9,93.1,542.0,223.0,39.2,241.0,8.51
151.0,237.0,400.0,692.0,10.6,50.9,248.0,362.0,22.1,138.0,13.6
433.0,667.0,225.0,392.0,38.2,61.0,257.0,1124.0,14.1,69.2,42.2
813.0,1208.0,122.0,882.0,125.0,145.0,750.0,1843.0,22.9,129.0,71.0
173.0,244.0,215.0,433.0,4.41,50.5,264.0,621.0,4.91,69.2,7.37
274.0,433.0,129.0,246.0,30.5,145.0,743.0,50.5,13.1,63.8,32.5
122.0,231.0,77.0,125.0,6.98,31.9,168.0,19.8,18.6,108.0,133.0
1155.0,1700.0,173.0,271.0,8.74,557.0,2618.0,1731.0,2.97,28.4,15.0
154.0,165.0,142.0,248.0,9.65,105.0,519.0,947.0,62.1,433.0,40.0
239.0,349.0,143.0,248.0,2.97,219.0,1046.0,1358.0,75.7,453.0,69.2
355.0,453.0,15.1,28.4,22.5,158.0,843.0,1827.0,71.7,311.0,191.0
509.0,799.0,108.0,500.0,23.1,241.0,1241.0,737.0,33.1,163.0,59.4
1208.0,1731.0,64.4,110.0,8.58,233.0,1310.0,483.0,4.91,32.8,32.8
673.0,1055.0,418.0,730.0,17.6,81.3,505.0,604.0,17.8,74.3,45.7
62.6,69.2,47.4,81.3,6.21,117.0,692.0,200.0,103.0,441.0,158.0
124.0,176.0,85.8,160.0,7.77,10.6,42.2,264.0,48.7,284.0,70.4
770.0,1084.0,227.0,372.0,3.46,154.0,813.0,1124.0,63.2,302.0,66.1
100.0,126.0,231.0,362.0,3.4,491.0,2642.0,1322.0,24.6,132.0,58.8
403.0,610.0,69.2,828.0,93.1,172.0,874.0,457.0,44.5,267.0,17.2
257.0,410.0,111.0,196.0,6.38,70.4,372.0,939.0,79.1,457.0,168.0
1286.0,1827.0,204.0,346.0,13.0,10.9,44.5,474.0,82.8,557.0,31.1
141.0,229.0,172.0,276.0,50.0,79.1,453.0,496.0,23.9,38.5,21.1
55.7,112.0,66.7,66.1,21.7,163.0,906.0,567.0,70.4,362.0,139.0
175.0,217.0,168.0,274.0,18.4,36.5,164.0,59.4,12.4,119.0,35.9
1230.0,1700.0,53.8,79.9,35.5,89.8,466.0,1065.0,28.9,161.0,47.8
246.0,352.0,200.0,673.0,141.0,175.0,965.0,743.0,66.1,474.0,81.3
12.7,17.9,176.0,337.0,25.5,109.0,542.0,66.7,40.3,255.0,69.8
313.0,445.0,202.0,334.0,11.2,66.1,403.0,655.0,122.0,737.0,30.8
67.3,106.0,248.0,400.0,28.6,95.6,567.0,422.0,1.29,21.9,13.2
496.0,770.0,111.0,196.0,17.8,19.5,72.3,604.0,19.3,60.4,77.7
368.0,588.0,37.9,66.1,11.0,55.7,289.0,667.0,17.2,113.0,20.5
204.0,244.0,150.0,241.0,31.1,392.0,2054.0,777.0,58.3,365.0,44.1
137.0,183.0,75.7,113.0,26.7,13.9,65.5,698.0,21.5,117.0,40.7
305.0,552.0,183.0,294.0,15.3,92.2,509.0,457.0,2.53,29.7,42.6
207.0,331.0,100.0,195.0,19.5,55.7,343.0,528.0,72.3,528.0,75.7
215.0,337.0,9.91,255.0,38.5,181.0,965.0,2458.0,48.3,267.0,53.3
334.0,449.0,359.0,679.0,14.7,96.5,542.0,72.3,13.3,73.0,74.3
120.0,215.0,274.0,449.0,18.1,573.0,2788.0,1000.0,16.4,58.3,22.1
308.0,466.0,340.0,474.0,34.3,14.2,45.3,717.0,40.0,196.0,35.5
42.2,46.6,297.0,487.0,20.7,44.9,276.0,578.0,44.9,264.0,36.2
39.6,59.4,264.0,470.0,8.66,35.9,227.0,28.4,7.5,36.5,49.6
209.0,271.0,750.0,1334.0,31.9,217.0,1104.0,514.0,37.9,172.0,33.7
281.0,400.0,179.0,316.0,12.6,37.5,213.0,491.0,46.6,274.0,37.5
132.0,188.0,211.0,313.0,7.3,52.8,325.0,588.0,36.2,217.0,40.3
433.0,638.0,100.0,557.0,149.0,297.0,1611.0,519.0,51.9,253.0,55.7
183.0,225.0,58.8,167.0,17.6,136.0,835.0,594.0,76.4,496.0,127.0
308.0,514.0,135.0,248.0,7.37,37.5,181.0,542.0,28.1,170.0,23.7
127.0,195.0,311.0,519.0,22.3,64.9,331.0,352.0,58.8,289.0,37.9
1275.0,1827.0,112.0,196.0,10.3,90.6,457.0,16.0,4.22,20.5,30.2
186.0,235.0,325.0,604.0,13.5,55.7,343.0,538.0,89.0,466.0,22.5
105.0,155.0,533.0,973.0,56.7,153.0,898.0,615.0,43.3,257.0,31.6
325.0,491.0,692.0,1114.0,23.7,322.0,1794.0,422.0,53.3,284.0,35.9
69.8,109.0,426.0,685.0,23.3,23.5,82.0,389.0,66.1,328.0,84.3
1018.0,1446.0,253.0,441.0,11.1,75.7,449.0,621.0,63.8,340.0,44.9
76.4,57.3,9.22,50.9,18.4,82.0,453.0,698.0,53.3,328.0,34.6
59.4,63.2,77.7,138.0,32.8,67.9,340.0,1554.0,52.3,316.0,69.2
343.0,599.0,135.0,253.0,7.3,14.1,34.0,457.0,31.6,225.0,56.2
297.0,403.0,337.0,655.0,8.35,38.5,186.0,343.0,47.0,311.0,29.2
588.0,922.0,113.0,219.0,26.9,86.6,491.0,523.0,21.5,143.0,38.9
791.0,1197.0,389.0,710.0,37.2,191.0,1046.0,349.0,32.8,179.0,59.4
235.0,340.0,135.0,259.0,8.43,54.7,334.0,615.0,10.9,64.9,1.0
170.0,239.0,73.0,184.0,28.9,289.0,1486.0,649.0,5.23,34.0,53.8
644.0,1000.0,136.0,253.0,16.7,68.5,349.0,1322.0,6.04,38.5,45.3
284.0,414.0,35.9,62.6,16.5,204.0,1134.0,562.0,10.4,36.8,48.3
638.0,956.0,175.0,302.0,9.47,46.6,250.0,491.0,46.1,207.0,122.0
235.0,334.0,155.0,305.0,21.7,178.0,973.0,573.0,88.2,478.0,92.2
225.0,340.0,385.0,710.0,3.68,76.4,505.0,82.8,41.8,248.0,9.91
382.0,562.0,132.0,241.0,15.3,61.5,400.0,1459.0,58.8,355.0,27.9
2738.0,3924.0,223.0,337.0,7.1,65.5,334.0,1685.0,25.3,110.0,42.6
898.0,1407.0,52.8,89.8,19.5,25.5,112.0,461.0,20.0,87.4,60.4
193.0,264.0,94.7,205.0,10.3,14.2,44.1,334.0,22.1,142.0,18.9
42.9,34.3,196.0,325.0,20.5,77.7,437.0,426.0,36.5,147.0,66.1
1472.0,2072.0,305.0,449.0,31.6,178.0,922.0,457.0,93.9,685.0,19.5
97.3,126.0,478.0,743.0,20.7,93.1,466.0,106.0,50.0,267.0,62.6
85.8,123.0,231.0,750.0,90.6,82.0,483.0,578.0,64.4,359.0,55.7
92.2,91.4,215.0,578.0,57.3,207.0,1094.0,99.1,24.1,84.3,23.7
1155.0,1747.0,34.9,72.3,22.5,42.6,223.0,365.0,57.3,349.0,47.0
172.0,279.0,46.6,223.0,23.1,30.8,104.0,1065.0,59.9,271.0,233.0
143.0,229.0,221.0,407.0,1.78,77.0,437.0,45.3,112.0,673.0,51.9
204.0,308.0,250.0,445.0,34.6,294.0,1582.0,704.0,53.3,297.0,42.6
167.0,289.0,62.1,284.0,16.7,20.4,98.2,461.0,23.5,133.0,32.2
615.0,982.0,200.0,325.0,11.5,41.4,223.0,337.0,83.5,496.0,58.3
223.0,352.0,661.0,1000.0,25.0,71.7,382.0,509.0,84.3,638.0,45.7
72.3,106.0,221.0,382.0,4.83,44.9,284.0,337.0,33.4,164.0,35.2
300.0,449.0,61.5,562.0,59.9,41.8,179.0,1144.0,67.9,302.0,103.0
31.3,34.6,146.0,284.0,8.13,62.1,362.0,673.0,53.8,334.0,53.8
99.1,184.0,239.0,407.0,24.6,77.0,284.0,965.0,50.0,205.0,57.3
39.2,38.2,61.5,207.0,51.4,66.7,362.0,547.0,143.0,973.0,95.6
914.0,1370.0,264.0,437.0,12.2,69.8,334.0,1407.0,58.8,337.0,106.0
109.0,176.0,19.1,30.5,23.7,37.2,137.0,403.0,48.7,286.0,39.2
86.6,81.3,221.0,343.0,22.1,392.0,2091.0,2148.0,10.0,40.0,63.8
35.9,35.2,76.4,175.0,25.0,117.0,621.0,710.0,101.0,514.0,60.4
487.0,685.0,1000.0,1459.0,54.2,365.0,1894.0,491.0,106.0,246.0,191.0
478.0,723.0,16.7,101.0,20.5,615.0,3051.0,1084.0,10.8,51.4,20.7
2714.0,3889.0,931.0,1407.0,52.3,193.0,1134.0,552.0,58.3,365.0,55.7
78.4,205.0,25.7,26.9,20.2,108.0,626.0,533.0,55.7,337.0,2.44
400.0,547.0,621.0,1037.0,26.9,47.0,121.0,343.0,30.5,181.0,43.7
519.0,730.0,21.5,35.2,11.9,289.0,1670.0,552.0,47.8,305.0,20.7
225.0,305.0,167.0,294.0,13.2,274.0,1486.0,322.0,70.4,379.0,77.7
193.0,267.0,97.3,200.0,36.8,39.2,136.0,882.0,73.0,429.0,55.2
215.0,305.0,141.0,294.0,13.6,56.7,300.0,400.0,18.9,55.2,67.3
50.0,46.1,92.2,235.0,16.5,146.0,710.0,573.0,38.5,196.0,58.8
46.6,93.9,777.0,1275.0,18.6,35.5,146.0,528.0,22.9,165.0,20.7
1420.0,1928.0,939.0,1407.0,50.5,77.7,337.0,23.7,63.8,365.0,30.2
40.7,68.5,365.0,858.0,51.9,13.0,89.8,552.0,27.6,167.0,47.0
27.6,10.7,40.7,59.9,16.4,21.1,127.0,368.0,58.8,372.0,5.42
2035.0,2788.0,40.0,70.4,31.1,429.0,2329.0,799.0,91.4,542.0,32.2
453.0,661.0,528.0,882.0,35.9,20.9,93.1,632.0,39.2,68.5,9.14
365.0,644.0,110.0,191.0,15.3,96.5,487.0,604.0,89.8,437.0,87.4
41.8,28.4,15.5,229.0,22.3,71.0,355.0,403.0,13.3,42.6,44.1
193.0,308.0,523.0,931.0,32.2,135.0,717.0,70.4,52.8,316.0,225.0
1065.0,1526.0,81.3,167.0,14.5,62.6,368.0,947.0,14.9,73.0,19.1
213.0,308.0,133.0,229.0,44.1,195.0,1046.0,389.0,17.6,61.5,20.5
193.0,289.0,129.0,221.0,19.5,43.3,284.0,105.0,36.8,198.0,73.7
213.0,311.0,359.0,661.0,20.4,79.1,414.0,43.7,83.5,474.0,125.0
340.0,500.0,58.8,410.0,22.5,255.0,866.0,1894.0,37.5,130.0,66.1
1134.0,1582.0,48.7,78.4,16.3,44.5,227.0,828.0,51.9,259.0,90.6
132.0,198.0,313.0,547.0,30.0,62.1,294.0,638.0,19.8,100.0,50.0
106.0,172.0,466.0,813.0,14.1,40.7,264.0,717.0,58.8,319.0,73.0
57.8,72.3,48.7,835.0,124.0,38.5,264.0,583.0,48.7,281.0,10.6
956.0,1382.0,227.0,355.0,24.1,41.4,221.0,437.0,58.8,311.0,186.0
599.0,898.0,264.0,470.0,45.7,67.9,359.0,410.0,13.2,51.4,29.2
231.0,352.0,375.0,615.0,38.2,73.7,331.0,547.0,41.4,62.1,13.1
698.0,1104.0,1155.0,1715.0,34.9,11.1,47.0,457.0,5.33,17.8,30.0
1000.0,1512.0,155.0,239.0,24.6,59.4,305.0,400.0,40.0,183.0,54.7
188.0,292.0,219.0,352.0,32.8,49.6,225.0,655.0,50.9,355.0,67.9
56.2,56.7,385.0,626.0,28.9,24.8,138.0,445.0,36.8,161.0,53.8
164.0,213.0,799.0,1252.0,35.5,55.7,346.0,328.0,37.5,172.0,33.1
1009.0,1420.0,264.0,547.0,85.1,26.2,130.0,71.0,34.6,221.0,42.6
461.0,784.0,97.3,132.0,7.43,35.5,91.4,466.0,45.7,271.0,43.3
297.0,437.0,294.0,466.0,23.9,44.1,239.0,316.0,16.1,85.1,32.8
164.0,269.0,276.0,433.0,19.5,31.3,163.0,281.0,13.1,93.1,67.3
649.0,1027.0,41.4,51.9,16.7,72.3,418.0,500.0,62.1,365.0,170.0
130.0,184.0,396.0,710.0,16.3,118.0,610.0,533.0,59.4,349.0,57.3
196.0,286.0,433.0,730.0,14.7,97.3,599.0,470.0,36.8,233.0,28.4
231.0,325.0,24.1,55.2,21.9,53.8,331.0,528.0,26.4,121.0,73.0
23.9,32.5,1165.0,1843.0,71.0,50.5,217.0,237.0,22.5,86.6,84.3
130.0,191.0,209.0,730.0,30.0,204.0,1046.0,1582.0,42.9,274.0,32.8
122.0,65.5,109.0,213.0,16.7,147.0,710.0,692.0,51.4,313.0,67.3
253.0,372.0,445.0,777.0,9.47,11.7,44.5,372.0,44.9,239.0,64.9
316.0,445.0,48.7,294.0,13.7,75.0,396.0,890.0,23.7,89.0,47.0
27.6,54.2,81.3,150.0,9.06,33.1,173.0,757.0,41.4,215.0,31.6
1124.0,1554.0,743.0,1197.0,42.2,53.8,217.0,297.0,44.1,292.0,32.2
167.0,255.0,557.0,991.0,7.77,119.0,661.0,453.0,12.5,52.3,47.8
153.0,248.0,604.0,1395.0,183.0,43.7,217.0,389.0,37.5,195.0,20.4
217.0,191.0,213.0,362.0,20.9,42.6,241.0,418.0,79.1,509.0,50.0
241.0,319.0,426.0,743.0,61.5,21.3,101.0,567.0,16.4,63.2,24.6
433.0,588.0,22.5,58.8,27.1,146.0,710.0,496.0,37.2,223.0,56.7
1275.0,1811.0,108.0,195.0,13.9,57.8,331.0,573.0,59.9,308.0,163.0
85.8,124.0,69.8,129.0,3.22,32.2,135.0,799.0,16.8,83.5,39.6
30.0,41.8,22.3,193.0,43.3,28.1,167.0,389.0,56.7,325.0,75.7
227.0,316.0,400.0,777.0,25.0,39.2,205.0,375.0,16.0,38.5,13.0
64.4,79.1,235.0,449.0,13.7,16.8,70.4,241.0,51.9,328.0,49.1
931.0,1310.0,181.0,343.0,9.47,209.0,1263.0,487.0,29.4,137.0,23.5
466.0,777.0,806.0,1208.0,48.3,20.2,97.3,426.0,27.1,142.0,25.5
1037.0,1420.0,274.0,528.0,123.0,56.7,328.0,429.0,85.8,588.0,51.9
85.8,107.0,414.0,698.0,29.2,73.0,400.0,429.0,10.9,22.1,17.5
470.0,704.0,28.4,29.2,30.8,181.0,1009.0,632.0,111.0,750.0,42.2
673.0,939.0,121.0,470.0,75.0,20.9,77.7,615.0,85.8,449.0,50.0
82.8,103.0,82.0,124.0,17.0,179.0,562.0,1263.0,45.7,198.0,79.1
84.3,142.0,55.7,85.1,3.31,44.1,195.0,626.0,54.7,346.0,73.7
300.0,445.0,457.0,851.0,40.3,25.7,105.0,523.0,50.5,355.0,158.0
154.0,189.0,98.2,170.0,18.9,491.0,2480.0,673.0,64.9,355.0,20.4
843.0,1241.0,35.2,200.0,9.14,63.2,355.0,64.4,56.7,313.0,157.0
308.0,547.0,835.0,1275.0,15.7,26.9,99.1,533.0,40.7,155.0,50.9
145.0,164.0,61.0,221.0,24.4,103.0,562.0,407.0,39.2,259.0,20.9
181.0,271.0,72.3,379.0,67.3,41.0,235.0,474.0,31.3,139.0,41.0
1794.0,2393.0,200.0,365.0,30.8,55.7,311.0,770.0,11.8,60.4,27.6
66.7,88.2,313.0,594.0,29.2,57.8,352.0,519.0,39.2,196.0,37.5
241.0,375.0,28.1,49.6,8.51,52.8,279.0,784.0,4.78,99.1,2.94
1252.0,1762.0,368.0,673.0,74.3,23.5,179.0,538.0,70.4,453.0,31.6
131.0,213.0,308.0,496.0,17.2,47.4,241.0,542.0,39.6,189.0,38.9
52.8,73.0,1877.0,2788.0,60.4,32.2,121.0,437.0,33.4,155.0,50.9
1526.0,2227.0,69.8,269.0,37.2,26.9,107.0,514.0,30.8,153.0,38.5
914.0,1298.0,80.6,146.0,10.2,104.0,523.0,615.0,32.8,221.0,23.1
62.1,71.7,355.0,610.0,8.58,186.0,1084.0,542.0,25.9,77.7,62.1
274.0,426.0,145.0,372.0,28.4,50.9,196.0,533.0,47.8,239.0,45.7
38.9,36.5,188.0,365.0,23.9,52.8,294.0,346.0,40.7,207.0,58.8
58.3,87.4,528.0,1027.0,19.6,132.0,685.0,533.0,25.5,143.0,25.0
160.0,257.0,12.9,42.2,5.28,32.2,167.0,346.0,23.9,73.7,71.7
227.0,289.0,487.0,799.0,13.9,81.3,449.0,743.0,25.5,154.0,44.5
63.2,89.0,262.0,500.0,13.0,25.9,114.0,355.0,11.5,67.3,68.5
157.0,231.0,179.0,276.0,14.6,143.0,791.0,186.0,52.3,302.0,53.3
32.5,77.0,28.9,155.0,32.8,136.0,704.0,505.0,31.1,163.0,41.0
209.0,334.0,368.0,649.0,52.8,19.5,97.3,470.0,30.0,191.0,32.8
547.0,906.0,71.7,114.0,3.68,50.5,297.0,514.0,14.3,59.9,58.3
158.0,204.0,8.13,143.0,43.7,69.2,437.0,445.0,10.9,34.0,4.87
231.0,269.0,132.0,241.0,20.9,15.1,52.8,313.0,20.9,64.4,72.3
138.0,193.0,61.0,237.0,28.4,25.0,58.3,533.0,52.3,319.0,38.5
1252.0,1778.0,286.0,422.0,44.1,42.6,207.0,441.0,54.2,271.0,89.8
931.0,1395.0,205.0,302.0,28.4,26.9,71.0,340.0,31.6,170.0,38.2
130.0,198.0,181.0,313.0,16.0,96.5,562.0,764.0,30.8,168.0,27.6
103.0,176.0,164.0,237.0,12.9,255.0,1310.0,382.0,13.5,25.9,8.9
78.4,94.7,31.9,132.0,22.9,50.5,300.0,466.0,22.7,64.9,31.3
231.0,322.0,143.0,274.0,13.1,75.7,400.0,638.0,50.5,322.0,76.4
632.0,843.0,113.0,205.0,25.0,66.7,382.0,898.0,37.9,221.0,37.2
211.0,286.0,120.0,418.0,49.1,31.1,93.9,407.0,13.1,48.7,40.3
1230.0,1843.0,204.0,372.0,57.8,396.0,2167.0,1104.0,28.6,143.0,34.9
89.0,146.0,85.1,183.0,12.5,47.4,264.0,355.0,27.4,168.0,96.5
195.0,269.0,281.0,1186.0,160.0,44.1,248.0,505.0,33.7,195.0,5.09
55.2,32.2,528.0,858.0,25.5,274.0,1358.0,1358.0,37.2,205.0,41.8
1144.0,1611.0,98.2,195.0,11.9,311.0,1655.0,562.0,71.7,437.0,41.0
186.0,302.0,379.0,615.0,11.0,40.0,183.0,737.0,25.0,163.0,21.1
1055.0,1625.0,125.0,257.0,10.6,352.0,1894.0,1625.0,43.3,259.0,57.8
483.0,737.0,20.0,21.3,2.0,39.6,178.0,457.0,61.5,410.0,20.0
52.8,86.6,400.0,1208.0,235.0,621.0,3220.0,1275.0,37.5,225.0,27.4
95.6,137.0,75.0,153.0,17.6,61.5,313.0,407.0,18.6,121.0,20.7
211.0,322.0,114.0,542.0,71.0,95.6,528.0,542.0,20.0,47.8,28.9
302.0,437.0,217.0,325.0,5.42,610.0,2996.0,692.0,44.1,244.0,62.1
1275.0,1843.0,562.0,956.0,52.8,101.0,343.0,1346.0,39.6,176.0,83.5
533.0,813.0,292.0,487.0,17.0,57.3,362.0,1075.0,54.7,337.0,57.8
939.0,1433.0,441.0,698.0,9.91,41.4,239.0,509.0,54.2,346.0,55.7
67.9,93.9,137.0,244.0,17.2,61.0,349.0,73.0,21.9,149.0,39.2
178.0,284.0,147.0,267.0,14.5,70.4,352.0,1252.0,9.47,58.3,14.2
1499.0,2091.0,217.0,362.0,4.53,17.3,86.6,385.0,13.9,38.5,31.9
225.0,346.0,410.0,750.0,14.1,11.3,48.3,496.0,49.6,235.0,149.0
308.0,453.0,106.0,175.0,28.4,51.4,322.0,679.0,22.1,110.0,123.0
175.0,264.0,422.0,685.0,22.5,20.4,40.7,328.0,47.8,253.0,39.6
198.0,264.0,433.0,632.0,39.6,61.0,400.0,115.0,43.3,255.0,37.9
80.6,105.0,176.0,286.0,3.28,41.0,127.0,770.0,28.4,143.0,37.5
65.5,73.0,181.0,372.0,14.9,15.7,62.1,562.0,30.0,195.0,34.9
44.9,74.3,108.0,179.0,35.9,195.0,982.0,1778.0,44.5,257.0,21.9
204.0,379.0,505.0,851.0,17.5,45.7,257.0,538.0,13.0,42.6,52.3
223.0,365.0,213.0,362.0,10.3,33.7,178.0,588.0,9.14,49.6,33.7
87.4,167.0,121.0,638.0,49.6,170.0,956.0,505.0,31.1,193.0,25.9
478.0,770.0,207.0,349.0,18.4,94.7,496.0,542.0,44.1,255.0,38.2
58.8,125.0,346.0,542.0,9.65,101.0,547.0,441.0,39.6,262.0,57.3
147.0,176.0,191.0,429.0,50.5,132.0,750.0,103.0,27.9,160.0,31.3
55.2,58.3,316.0,638.0,20.7,26.2,132.0,730.0,28.1,141.0,42.6
231.0,343.0,67.9,269.0,16.0,59.9,352.0,328.0,39.6,223.0,41.4
322.0,478.0,389.0,685.0,9.82,500.0,2525.0,594.0,80.6,491.0,30.5
241.0,328.0,505.0,843.0,27.1,14.3,57.3,610.0,30.5,259.0,38.9
178.0,257.0,30.2,244.0,48.3,47.0,153.0,777.0,21.3,98.2,45.3
385.0,578.0,64.9,146.0,28.4,63.8,400.0,621.0,12.7,71.7,25.9
300.0,426.0,41.0,88.2,5.78,73.7,414.0,368.0,59.9,355.0,60.4
127.0,172.0,349.0,1370.0,188.0,84.3,311.0,1472.0,9.73,62.1,34.0
139.0,227.0,914.0,1625.0,77.0,56.7,362.0,599.0,16.5,91.4,15.5
244.0,322.0,276.0,457.0,14.2,83.5,449.0,604.0,31.6,223.0,61.5
1219.0,1794.0,219.0,389.0,18.4,80.6,441.0,396.0,27.1,164.0,51.4
193.0,311.0,75.7,120.0,17.3,173.0,947.0,470.0,18.4,77.0,27.1
562.0,906.0,13.2,32.2,3.92,48.3,235.0,542.0,36.2,191.0,46.1
56.7,47.4,241.0,470.0,3.92,35.9,149.0,583.0,23.9,143.0,33.1
157.0,223.0,29.7,73.0,21.7,54.2,188.0,457.0,14.5,48.7,49.1
418.0,578.0,286.0,1310.0,86.6,41.0,205.0,538.0,8.98,56.2,23.9
17.3,28.6,189.0,271.0,17.5,112.0,615.0,449.0,15.5,68.5,23.7
1433.0,1999.0,362.0,632.0,21.3,28.6,189.0,523.0,88.2,519.0,36.2
101.0,167.0,77.0,382.0,47.8,63.8,382.0,437.0,44.9,267.0,57.3
253.0,346.0,25.0,27.6,23.1,46.6,200.0,858.0,32.5,173.0,229.0
437.0,632.0,594.0,947.0,39.2,33.1,170.0,685.0,23.7,125.0,42.6
56.7,45.7,126.0,196.0,37.2,53.8,322.0,429.0,48.3,259.0,47.0
519.0,764.0,221.0,392.0,6.49,122.0,679.0,843.0,19.1,65.5,47.0
137.0,253.0,286.0,552.0,18.3,120.0,644.0,500.0,26.7,92.2,73.0
292.0,422.0,661.0,1298.0,56.2,31.6,146.0,474.0,50.5,302.0,47.8
63.8,71.0,44.9,77.7,7.57,60.4,308.0,528.0,41.8,233.0,45.3
359.0,542.0,313.0,478.0,14.5,149.0,898.0,334.0,27.1,142.0,46.6
2227.0,3220.0,78.4,150.0,7.57,36.2,94.7,445.0,47.4,297.0,58.3
737.0,1084.0,205.0,784.0,104.0,519.0,2943.0,922.0,36.8,157.0,36.2
227.0,334.0,225.0,372.0,12.5,10.5,13.8,311.0,21.3,129.0,38.5
164.0,244.0,27.9,163.0,34.0,95.6,583.0,146.0,46.6,302.0,26.2
231.0,346.0,429.0,750.0,38.9,41.8,123.0,562.0,15.7,85.1,41.4
40.0,51.9,379.0,621.0,32.5,33.7,155.0,429.0,33.7,195.0,56.2
198.0,294.0,31.1,114.0,22.7,30.8,150.0,542.0,27.6,196.0,21.7
141.0,221.0,53.3,82.0,2.67,107.0,655.0,487.0,29.2,141.0,17.0
1310.0,1827.0,126.0,237.0,18.1,126.0,784.0,777.0,33.7,223.0,43.7
168.0,269.0,205.0,352.0,34.6,67.3,334.0,1046.0,17.8,87.4,21.5
49.6,46.1,382.0,673.0,32.8,53.3,255.0,441.0,26.7,135.0,15.5
231.0,319.0,158.0,262.0,22.5,12.7,51.9,426.0,10.4,50.9,62.1
179.0,255.0,255.0,400.0,27.4,276.0,1554.0,474.0,32.8,165.0,34.6
106.0,136.0,155.0,235.0,8.35,47.4,271.0,750.0,37.2,231.0,38.2
557.0,843.0,30.0,57.3,3.19,26.7,142.0,730.0,38.2,184.0,67.9
94.7,137.0,286.0,441.0,13.1,42.9,223.0,71.0,24.8,154.0,16.7
2187.0,3051.0,139.0,271.0,11.9,248.0,1395.0,906.0,40.7,259.0,27.9
328.0,403.0,109.0,229.0,16.8,105.0,588.0,91.4,20.9,73.7,46.6
340.0,610.0,102.0,221.0,11.2,75.7,437.0,1382.0,25.0,125.0,40.7
101.0,300.0,157.0,271.0,36.5,129.0,791.0,382.0,27.1,131.0,46.1
160.0,229.0,21.7,85.8,8.06,79.9,478.0,1009.0,22.5,104.0,46.1
403.0,621.0,235.0,407.0,17.8,66.1,311.0,1208.0,40.0,205.0,48.3
289.0,241.0,385.0,649.0,5.52,41.0,209.0,599.0,31.3,167.0,32.5
509.0,799.0,4.1,5.38,496.0,4.7,25.5,202.0,27.1,67.3,30.8
661.0,991.0,453.0,820.0,58.8,83.5,164.0,289.0,22.9,97.3,21.7
578.0,939.0,23.9,53.8,1.0,10.0,39.2,528.0,15.8,82.0,31.6
59.9,66.1,40.0,69.8,13.9,95.6,644.0,491.0,42.2,294.0,44.1
253.0,359.0,164.0,276.0,19.8,276.0,1382.0,730.0,25.9,103.0,37.2
244.0,362.0,229.0,365.0,16.0,449.0,1999.0,1186.0,73.7,470.0,46.1
533.0,843.0,114.0,858.0,87.4,10.0,46.1,615.0,26.7,122.0,49.1
204.0,308.0,202.0,319.0,9.73,58.3,359.0,325.0,10.8,58.3,69.2
246.0,422.0,181.0,300.0,42.6,167.0,931.0,382.0,23.5,122.0,49.6
1685.0,2393.0,305.0,514.0,30.0,26.2,61.0,407.0,9.06,27.9,60.4
1499.0,2227.0,117.0,213.0,4.91,91.4,311.0,445.0,28.6,123.0,41.0
64.9,99.1,193.0,340.0,25.0,37.9,186.0,233.0,16.5,106.0,19.3
262.0,400.0,1046.0,1670.0,28.1,100.0,542.0,704.0,21.9,79.1,25.0
86.6,74.3,176.0,1298.0,139.0,65.5,349.0,610.0,40.3,246.0,61.5
679.0,982.0,175.0,717.0,71.0,17.9,25.9,533.0,9.65,47.8,58.8
1446.0,2091.0,108.0,233.0,4.1,114.0,355.0,2072.0,52.3,343.0,44.9
573.0,882.0,79.9,599.0,57.3,36.8,221.0,1700.0,44.5,237.0,106.0
874.0,1298.0,198.0,679.0,50.9,154.0,813.0,389.0,36.5,244.0,53.3
750.0,1144.0,78.4,233.0,20.4,36.5,155.0,491.0,8.98,37.9,65.5
60.4,97.3,229.0,368.0,19.3,35.5,154.0,828.0,30.8,202.0,44.9
328.0,466.0,165.0,505.0,40.3,29.7,125.0,621.0,32.8,181.0,36.2
42.9,39.2,139.0,241.0,7.64,483.0,2393.0,1176.0,87.4,615.0,48.3
474.0,799.0,414.0,730.0,37.9,27.9,119.0,621.0,10.6,80.6,35.9
196.0,267.0,27.4,262.0,14.7,58.8,267.0,289.0,111.0,723.0,67.9
120.0,153.0,18.8,38.2,11.8,68.5,262.0,578.0,13.3,98.2,41.4
227.0,340.0,139.0,262.0,18.4,10.2,74.3,253.0,38.9,225.0,58.8
340.0,496.0,160.0,269.0,30.2,83.5,505.0,567.0,8.43,74.3,23.9
365.0,542.0,207.0,362.0,15.0,55.7,286.0,343.0,25.3,153.0,36.5
410.0,562.0,223.0,368.0,38.2,109.0,562.0,661.0,43.7,292.0,10.4
55.2,85.1,209.0,385.0,16.5,47.4,259.0,274.0,37.2,200.0,8.98
147.0,235.0,274.0,437.0,25.7,474.0,2207.0,573.0,44.9,274.0,29.2
155.0,227.0,573.0,1065.0,67.3,22.7,96.5,355.0,16.3,91.4,17.3
284.0,400.0,615.0,1114.0,52.3,145.0,547.0,1298.0,38.5,150.0,32.5
2288.0,3429.0,704.0,1176.0,23.5,97.3,557.0,661.0,19.8,84.3,25.9
355.0,523.0,557.0,890.0,44.9,54.7,311.0,483.0,9.82,21.5,28.6
107.0,90.6,167.0,279.0,17.9,38.5,191.0,562.0,10.0,32.2,48.3
139.0,165.0,449.0,704.0,41.0,165.0,991.0,2329.0,61.5,340.0,157.0
131.0,184.0,121.0,965.0,142.0,17.8,50.9,704.0,72.3,441.0,48.3
81.3,139.0,176.0,233.0,6.67,40.7,191.0,308.0,50.5,284.0,26.9
231.0,337.0,219.0,368.0,16.7,30.0,135.0,573.0,10.6,38.5,24.6
49.6,54.7,167.0,253.0,25.3,32.2,105.0,538.0,12.6,51.9,29.4
523.0,828.0,882.0,1395.0,67.9,71.0,396.0,457.0,69.8,331.0,132.0
168.0,244.0,106.0,349.0,35.9,679.0,3429.0,965.0,26.7,106.0,28.1
799.0,1186.0,313.0,552.0,8.66,72.3,418.0,466.0,67.9,437.0,73.0
349.0,441.0,99.1,183.0,5.78,43.7,286.0,50.5,39.2,207.0,59.9
97.3,95.6,65.5,205.0,7.64,64.4,340.0,505.0,56.2,276.0,106.0
217.0,403.0,271.0,437.0,1.45,16.3,54.2,588.0,66.1,392.0,79.1
655.0,947.0,474.0,784.0,25.5,487.0,2458.0,704.0,36.8,157.0,70.4
71.7,115.0,179.0,322.0,32.8,9.22,42.6,453.0,71.7,466.0,51.9
213.0,311.0,151.0,723.0,85.8,49.6,257.0,368.0,41.4,284.0,34.3
250.0,372.0,183.0,322.0,21.1,31.6,101.0,403.0,137.0,730.0,47.4
874.0,1334.0,145.0,276.0,43.3,35.9,213.0,487.0,13.7,62.1,21.9
334.0,519.0,253.0,474.0,16.3,41.8,163.0,382.0,12.3,20.4,20.4
186.0,235.0,211.0,349.0,20.0,44.1,248.0,392.0,60.4,362.0,16.3
88.2,91.4,599.0,991.0,15.7,95.6,599.0,453.0,55.7,289.0,55.7
757.0,1124.0,112.0,189.0,17.2,61.0,382.0,599.0,21.1,94.7,37.9
160.0,255.0,292.0,523.0,29.7,67.9,365.0,457.0,99.1,737.0,44.9
449.0,679.0,328.0,466.0,9.91,133.0,743.0,67.9,78.4,523.0,82.8
40.7,33.4,500.0,956.0,69.2,1.0,6.49,26.2,21.9,124.0,40.7
25.7,113.0,170.0,331.0,24.8,14.6,70.4,514.0,47.8,316.0,37.5
246.0,340.0,22.1,122.0,11.7,213.0,1134.0,1286.0,29.2,129.0,57.3
42.2,73.0,271.0,403.0,40.0,96.5,578.0,632.0,43.7,239.0,53.8
105.0,139.0,57.8,137.0,18.8,65.5,382.0,85.8,23.1,124.0,65.5
552.0,866.0,44.5,75.0,5.0,64.4,392.0,784.0,58.3,337.0,44.9
965.0,1459.0,396.0,567.0,16.8,39.2,241.0,375.0,14.9,30.2,74.3
365.0,552.0,379.0,667.0,12.5,54.2,334.0,610.0,25.9,142.0,55.7
223.0,313.0,294.0,500.0,33.4,32.2,200.0,523.0,26.7,165.0,46.1
63.2,110.0,505.0,882.0,22.7,47.0,248.0,139.0,28.4,133.0,40.3
1165.0,1731.0,105.0,196.0,7.77,53.8,352.0,407.0,30.5,160.0,16.7
131.0,175.0,119.0,244.0,18.1,302.0,1568.0,1486.0,40.3,155.0,389.0
244.0,343.0,135.0,217.0,16.7,77.7,441.0,407.0,8.43,44.5,25.9
12.6,25.9,547.0,799.0,12.0,47.0,244.0,514.0,13.2,84.3,40.0
655.0,1027.0,213.0,375.0,31.1,14.5,77.0,491.0,71.7,396.0,8.06
253.0,340.0,223.0,349.0,42.2,59.9,349.0,583.0,34.3,173.0,45.7
71.7,114.0,83.5,567.0,26.7,63.2,343.0,973.0,56.2,331.0,46.6
1186.0,1762.0,150.0,302.0,27.1,38.9,82.8,229.0,51.4,305.0,64.4
114.0,196.0,235.0,362.0,12.1,54.7,346.0,509.0,46.1,286.0,59.4
528.0,784.0,7.7,2.71,13.5,34.3,189.0,523.0,27.6,56.2,8.58
302.0,445.0,302.0,478.0,37.9,69.8,365.0,487.0,18.6,99.1,42.9
51.9,63.2,362.0,552.0,10.8,175.0,858.0,1446.0,34.0,244.0,38.2
437.0,621.0,604.0,1075.0,23.7,85.8,422.0,55.7,45.3,274.0,31.6
44.9,58.8,158.0,217.0,8.13,41.4,259.0,437.0,34.3,164.0,54.2
79.9,71.7,352.0,583.0,18.1,267.0,1382.0,599.0,103.0,610.0,106.0
93.9,145.0,41.8,188.0,14.5,58.3,264.0,644.0,43.7,294.0,40.3
308.0,453.0,552.0,939.0,19.6,219.0,1230.0,466.0,82.0,483.0,50.5
227.0,449.0,73.0,667.0,61.5,106.0,621.0,982.0,49.1,286.0,52.8
126.0,154.0,164.0,269.0,23.5,85.8,392.0,2054.0,10.3,26.9,35.2
71.7,94.7,594.0,1027.0,50.9,418.0,2054.0,426.0,29.4,178.0,38.9
39.6,55.7,211.0,302.0,11.1,136.0,750.0,474.0,22.1,85.1,48.7
743.0,1134.0,179.0,294.0,15.3,11.3,46.6,418.0,50.0,313.0,50.0
104.0,139.0,359.0,578.0,15.5,66.7,349.0,422.0,63.8,422.0,40.7
956.0,1420.0,267.0,509.0,23.5,255.0,1395.0,131.0,11.8,44.9,40.7
229.0,294.0,449.0,743.0,10.0,71.0,389.0,519.0,25.3,155.0,36.5
453.0,573.0,31.9,47.8,3.75,44.5,225.0,578.0,139.0,898.0,24.4
355.0,505.0,50.5,81.3,10.9,94.7,514.0,305.0,95.6,673.0,35.2
547.0,820.0,173.0,328.0,142.0,319.0,1811.0,461.0,18.3,71.0,43.3
153.0,231.0,947.0,1625.0,27.4,104.0,583.0,418.0,20.5,99.1,33.4
178.0,289.0,281.0,433.0,5.23,133.0,777.0,533.0,8.28,53.3,29.4
179.0,204.0,297.0,487.0,21.3,158.0,866.0,343.0,21.1,102.0,50.0
445.0,667.0,163.0,244.0,47.4,248.0,1197.0,359.0,56.2,279.0,91.4
922.0,1382.0,449.0,770.0,37.5,65.5,418.0,352.0,44.1,225.0,31.6
13.9,18.3,552.0,882.0,33.7,154.0,851.0,410.0,15.0,59.4,40.3
302.0,445.0,72.3,178.0,19.5,13.5,48.7,375.0,8.13,56.2,65.5
1075.0,1540.0,137.0,264.0,7.84,18.3,80.6,352.0,10.9,83.5,52.3
193.0,136.0,47.4,77.0,3.43,62.6,302.0,509.0,42.9,235.0,107.0
167.0,211.0,229.0,365.0,8.74,10.7,47.8,91.4,36.8,219.0,37.2
276.0,433.0,470.0,799.0,10.8,44.1,267.0,519.0,50.9,271.0,74.3
262.0,365.0,328.0,474.0,21.5,44.5,172.0,1877.0,55.2,340.0,69.2
274.0,375.0,109.0,196.0,4.96,18.9,104.0,449.0,74.3,445.0,41.4
359.0,542.0,114.0,219.0,13.1,123.0,626.0,679.0,14.2,82.0,75.7
382.0,588.0,982.0,1640.0,53.8,142.0,717.0,1499.0,20.0,83.5,41.0
1310.0,1963.0,207.0,375.0,37.2,198.0,1124.0,523.0,49.1,233.0,106.0
77.0,94.7,239.0,372.0,8.13,11.0,66.1,95.6,15.7,90.6,49.6
189.0,284.0,906.0,1407.0,47.4,35.9,161.0,542.0,72.3,422.0,22.1
615.0,965.0,496.0,914.0,63.2,51.9,284.0,461.0,46.1,271.0,45.3
418.0,638.0,352.0,626.0,12.3,29.7,106.0,429.0,56.2,328.0,72.3
225.0,340.0,87.4,137.0,23.9,74.3,433.0,547.0,15.0,62.1,47.8
181.0,271.0,246.0,389.0,10.6,186.0,1055.0,562.0,44.1,262.0,22.5
63.2,79.9,791.0,1241.0,18.6,58.8,316.0,528.0,25.9,193.0,57.8
389.0,426.0,679.0,1124.0,41.8,61.0,382.0,407.0,15.4,114.0,43.3
457.0,685.0,237.0,433.0,13.2,36.5,248.0,79.1,13.2,56.2,45.3
39.2,43.3,17.0,28.4,5.83,77.0,362.0,422.0,17.0,71.0,40.3
209.0,311.0,36.2,95.6,5.67,51.4,179.0,1860.0,43.7,223.0,193.0
667.0,1000.0,56.7,343.0,30.2,46.6,241.0,474.0,50.9,297.0,30.8
32.5,43.7,209.0,368.0,8.43,188.0,898.0,1762.0,53.3,297.0,21.1
70.4,108.0,77.0,146.0,8.43,418.0,2148.0,2618.0,60.4,352.0,97.3
183.0,271.0,269.0,514.0,37.2,50.9,229.0,567.0,123.0,906.0,710.0
487.0,723.0,661.0,1197.0,27.6,483.0,2503.0,898.0,16.7,114.0,23.3
1582.0,2308.0,76.4,157.0,9.14,37.5,122.0,505.0,44.5,289.0,25.5
49.1,103.0,300.0,519.0,38.2,24.8,71.0,362.0,82.8,533.0,133.0
292.0,407.0,75.7,890.0,132.0,55.2,207.0,538.0,139.0,784.0,63.8
308.0,461.0,158.0,286.0,10.8,281.0,1433.0,1747.0,32.2,179.0,19.8
111.0,168.0,8.66,2.27,17.8,56.2,289.0,352.0,1.96,106.0,3.92
337.0,552.0,143.0,237.0,12.5,89.0,578.0,426.0,17.2,90.6,47.0
117.0,142.0,418.0,764.0,38.2,235.0,1298.0,750.0,30.5,176.0,36.8
375.0,547.0,149.0,297.0,23.5,45.3,255.0,514.0,37.9,207.0,47.8
365.0,673.0,858.0,1358.0,24.4,316.0,1794.0,1420.0,50.0,276.0,2.71
183.0,267.0,27.1,57.3,29.4,35.9,145.0,302.0,63.8,305.0,129.0
85.1,130.0,567.0,1512.0,44.5,54.7,300.0,552.0,23.5,124.0,25.5
93.1,138.0,453.0,750.0,36.5,102.0,487.0,632.0,35.5,235.0,22.1
193.0,279.0,85.1,355.0,15.5,58.3,311.0,874.0,21.1,102.0,61.0
22.9,35.5,27.4,22.5,25.5,75.0,396.0,704.0,49.1,227.0,40.7
392.0,557.0,246.0,433.0,34.3,58.8,319.0,519.0,1.0,124.0,5.67
965.0,1472.0,137.0,233.0,5.38,189.0,1055.0,259.0,27.4,163.0,47.8
717.0,1114.0,137.0,385.0,22.3,284.0,1568.0,533.0,42.2,239.0,43.7
193.0,279.0,20.9,32.5,11.1,77.7,461.0,514.0,36.5,205.0,62.6
382.0,496.0,292.0,1186.0,102.0,6.98,2.17,223.0,82.8,414.0,101.0
246.0,343.0,685.0,1134.0,6.1,264.0,1446.0,673.0,43.3,279.0,47.0
418.0,626.0,279.0,407.0,51.4,40.0,124.0,2091.0,111.0,730.0,68.5
227.0,322.0,16.8,39.2,4.37,75.7,365.0,105.0,8.2,34.6,25.0
137.0,233.0,88.2,308.0,4.87,264.0,1407.0,874.0,32.5,183.0,31.1
542.0,777.0,557.0,1009.0,60.4,302.0,1596.0,890.0,44.9,237.0,20.5
168.0,257.0,93.9,164.0,10.0,80.6,466.0,528.0,45.7,302.0,68.5
262.0,368.0,274.0,483.0,53.3,184.0,965.0,638.0,13.7,44.9,56.2
237.0,382.0,235.0,396.0,10.6,202.0,1134.0,414.0,15.1,92.2,52.3
292.0,478.0,237.0,362.0,35.5,47.4,122.0,698.0,42.2,241.0,57.3
505.0,704.0,209.0,349.0,38.5,48.7,225.0,1084.0,34.0,211.0,20.9
223.0,368.0,33.1,66.7,1.27,6.49,31.9,71.0,44.5,281.0,78.4
170.0,253.0,264.0,445.0,23.9,35.5,125.0,414.0,25.0,146.0,32.2
292.0,400.0,281.0,644.0,66.1,118.0,594.0,496.0,42.2,255.0,67.3
47.4,42.9,466.0,806.0,42.6,118.0,737.0,429.0,33.1,213.0,59.9
99.1,158.0,27.6,67.9,21.9,117.0,638.0,382.0,40.0,257.0,32.5
176.0,191.0,123.0,223.0,11.8,40.0,189.0,297.0,22.7,61.5,52.3
898.0,1298.0,86.6,337.0,31.9,93.9,567.0,379.0,37.2,246.0,73.0
217.0,305.0,70.4,858.0,92.2,621.0,3106.0,723.0,13.5,97.3,38.5
403.0,621.0,509.0,947.0,14.5,88.2,500.0,820.0,21.5,165.0,70.4
157.0,196.0,250.0,483.0,17.3,35.9,153.0,578.0,25.3,164.0,20.2
461.0,750.0,61.5,110.0,18.3,27.1,132.0,523.0,5.38,8.28,11.0
813.0,1155.0,237.0,422.0,26.7,132.0,737.0,547.0,3.37,15.7,1.25
365.0,533.0,202.0,400.0,1.01,63.8,379.0,302.0,26.2,119.0,24.4
221.0,328.0,132.0,262.0,47.0,100.0,523.0,445.0,14.3,45.7,36.5
115.0,173.0,130.0,461.0,55.2,14.3,54.7,343.0,30.5,151.0,43.7
1395.0,2110.0,319.0,487.0,3.16,28.9,143.0,973.0,16.5,62.1,31.1
74.3,141.0,567.0,982.0,16.1,9.65,34.9,346.0,62.6,375.0,62.1
542.0,813.0,158.0,259.0,21.9,202.0,1046.0,325.0,10.0,73.7,38.5
365.0,533.0,104.0,173.0,24.4,679.0,3368.0,1263.0,16.8,121.0,29.2
153.0,235.0,129.0,202.0,32.5,215.0,1230.0,649.0,41.4,250.0,50.0
1395.0,2017.0,474.0,799.0,41.8,44.5,284.0,866.0,40.0,213.0,10.3
1554.0,2371.0,1065.0,1685.0,17.3,54.7,362.0,47.8,16.1,26.2,12.3
150.0,239.0,50.5,77.7,16.7,59.4,316.0,828.0,22.3,117.0,35.9
71.0,80.6,63.8,102.0,8.35,68.5,355.0,457.0,42.6,269.0,17.8
599.0,828.0,145.0,255.0,10.4,246.0,1334.0,1843.0,46.1,269.0,54.7
172.0,204.0,294.0,533.0,3.89,94.7,433.0,385.0,69.8,418.0,100.0
72.3,94.7,28.6,57.8,19.8,204.0,1009.0,127.0,42.6,237.0,4.33
244.0,352.0,142.0,743.0,124.0,112.0,588.0,441.0,117.0,723.0,17.5
392.0,528.0,274.0,1065.0,146.0,42.2,85.8,528.0,38.2,231.0,24.1
202.0,271.0,764.0,1155.0,40.7,6.44,46.6,281.0,5.57,13.3,28.6
274.0,422.0,202.0,346.0,22.7,457.0,2350.0,1230.0,41.4,178.0,21.9
158.0,259.0,145.0,259.0,10.6,58.3,346.0,322.0,36.2,239.0,28.9
632.0,1000.0,75.7,131.0,7.37,281.0,1512.0,509.0,11.9,31.6,30.0
231.0,352.0,61.5,115.0,2.35,60.4,400.0,491.0,18.9,146.0,40.3
1104.0,1554.0,35.9,66.1,10.5,45.3,155.0,474.0,21.7,125.0,44.1
253.0,410.0,828.0,1286.0,33.1,85.8,445.0,573.0,27.9,168.0,26.9
281.0,426.0,235.0,429.0,16.8,143.0,843.0,552.0,15.7,91.4,21.5
248.0,375.0,205.0,349.0,4.96,41.0,198.0,372.0,102.0,599.0,111.0
59.4,99.1,328.0,594.0,1.1,1094.0,5233.0,1778.0,7.64,21.7,17.3
4.45,11.7,723.0,1165.0,47.4,161.0,922.0,599.0,38.2,176.0,38.9
29.2,22.1,155.0,407.0,70.4,24.4,103.0,799.0,90.6,547.0,57.8
437.0,588.0,142.0,433.0,40.7,14.9,58.3,588.0,11.5,37.9,39.2
188.0,235.0,615.0,939.0,20.0,104.0,542.0,26.4,10.2,40.7,35.9
365.0,528.0,429.0,1582.0,108.0,36.5,168.0,509.0,29.4,153.0,20.7
121.0,150.0,109.0,163.0,19.5,39.6,198.0,557.0,10.0,27.4,39.6
300.0,400.0,42.6,67.9,15.5,340.0,1843.0,583.0,29.7,155.0,25.7
207.0,294.0,246.0,410.0,49.6,69.2,389.0,737.0,31.9,124.0,46.1
246.0,349.0,281.0,441.0,27.1,104.0,679.0,542.0,13.8,45.7,24.1
496.0,770.0,828.0,1358.0,18.4,93.9,533.0,710.0,37.9,262.0,139.0
1472.0,2110.0,235.0,362.0,42.2,33.1,146.0,667.0,40.0,281.0,13.1
47.4,59.9,445.0,791.0,14.6,53.3,294.0,770.0,25.0,151.0,34.3
757.0,1144.0,11.8,31.6,11.5,59.9,322.0,55.2,13.5,49.6,24.8
189.0,297.0,93.9,163.0,18.3,54.2,365.0,626.0,41.8,262.0,17.8
621.0,965.0,184.0,289.0,305.0,40.7,219.0,407.0,5.57,19.3,9.39
135.0,241.0,173.0,274.0,15.8,407.0,2035.0,588.0,109.0,667.0,58.3
355.0,519.0,294.0,500.0,35.5,74.3,422.0,441.0,27.9,143.0,2.09
255.0,403.0,262.0,410.0,18.4,43.3,207.0,573.0,75.7,496.0,40.3
63.2,62.1,221.0,453.0,20.5,33.4,138.0,461.0,53.3,319.0,25.3
141.0,193.0,189.0,379.0,2.92,244.0,1298.0,414.0,20.7,76.4,58.3
626.0,1027.0,42.2,64.4,17.8,227.0,1298.0,667.0,12.7,60.4,30.8
939.0,1382.0,184.0,340.0,9.65,922.0,4451.0,1582.0,99.1,567.0,76.4
1018.0,1420.0,292.0,514.0,24.6,71.0,362.0,313.0,43.3,233.0,39.2
24.4,18.4,685.0,1009.0,36.5,241.0,1370.0,470.0,56.2,349.0,32.2
382.0,615.0,519.0,851.0,26.9,25.3,131.0,737.0,19.3,107.0,33.4
302.0,461.0,163.0,286.0,13.6,103.0,583.0,514.0,36.8,221.0,50.0
32.5,40.3,264.0,437.0,5.28,509.0,2595.0,1114.0,12.1,36.8,31.6
110.0,157.0,233.0,418.0,19.1,12.1,57.8,578.0,68.5,433.0,54.2
965.0,1370.0,44.9,193.0,28.6,47.4,269.0,311.0,8.2,58.3,46.6
410.0,583.0,57.3,78.4,17.9,269.0,1582.0,604.0,50.0,300.0,17.5
1963.0,2714.0,316.0,538.0,11.9,44.9,259.0,500.0,29.2,145.0,34.0
1433.0,2072.0,547.0,906.0,26.2,81.3,400.0,791.0,17.0,92.2,27.6
215.0,362.0,215.0,359.0,6.79,78.4,355.0,445.0,12.4,62.6,79.9
297.0,505.0,221.0,375.0,19.6,146.0,874.0,400.0,8.82,37.9,39.6
225.0,368.0,105.0,154.0,5.0,257.0,1382.0,407.0,61.5,379.0,44.1
43.7,55.7,204.0,491.0,50.5,35.2,237.0,523.0,34.6,202.0,41.8
193.0,262.0,379.0,644.0,51.9,106.0,523.0,939.0,7.37,36.5,17.5
2329.0,3278.0,70.4,205.0,15.3,65.5,313.0,578.0,12.0,63.2,37.5
538.0,874.0,198.0,583.0,82.8,85.8,509.0,679.0,7.7,23.9,9.14
225.0,294.0,7.1,127.0,25.5,35.2,170.0,474.0,18.8,81.3,22.5
25.9,64.9,255.0,1144.0,158.0,10.7,48.7,474.0,92.2,483.0,114.0
396.0,710.0,396.0,698.0,24.6,186.0,1084.0,414.0,36.8,183.0,154.0
170.0,248.0,215.0,389.0,13.9,302.0,1685.0,302.0,65.5,407.0,63.2
132.0,189.0,305.0,573.0,19.8,638.0,3134.0,704.0,40.0,241.0,34.0
1685.0,2480.0,375.0,599.0,42.6,136.0,692.0,175.0,25.5,115.0,44.1
142.0,205.0,108.0,172.0,12.0,109.0,632.0,523.0,35.2,191.0,55.2
241.0,362.0,382.0,679.0,33.7,104.0,610.0,382.0,33.1,154.0,54.7
523.0,813.0,289.0,470.0,11.7,63.8,365.0,519.0,4.07,32.2,7.17
74.3,120.0,127.0,205.0,4.7,27.9,176.0,1124.0,21.1,124.0,32.2
284.0,426.0,343.0,562.0,15.5,17.3,56.7,649.0,15.1,75.0,20.2
59.4,59.9,136.0,223.0,34.0,67.3,334.0,552.0,64.9,392.0,20.5
262.0,368.0,308.0,567.0,7.1,33.7,150.0,337.0,51.4,316.0,37.9
422.0,655.0,269.0,410.0,21.9,89.0,542.0,483.0,28.4,151.0,51.9
86.6,146.0,139.0,262.0,27.1,15.3,104.0,54.2,7.7,63.2,46.1
248.0,389.0,305.0,422.0,27.6,120.0,710.0,890.0,63.8,429.0,39.2
223.0,302.0,644.0,882.0,8.51,19.1,54.2,392.0,62.1,355.0,75.7
106.0,113.0,56.7,87.4,10.3,269.0,1382.0,947.0,24.8,139.0,28.6
125.0,184.0,429.0,791.0,17.0,4.66,31.1,56.7,27.9,76.4,35.5
181.0,213.0,229.0,890.0,45.3,73.0,340.0,1334.0,13.1,47.8,55.7
567.0,806.0,175.0,305.0,14.3,30.2,108.0,615.0,48.7,279.0,93.9
2436.0,3398.0,355.0,655.0,18.1,29.2,184.0,514.0,14.3,57.8,22.5
340.0,491.0,143.0,257.0,20.9,18.6,50.0,496.0,9.14,50.9,30.5
453.0,685.0,90.6,355.0,11.2,57.8,294.0,355.0,10.1,42.9,37.9
131.0,200.0,276.0,478.0,12.9,14.6,42.6,257.0,48.3,300.0,16.4
109.0,155.0,221.0,359.0,24.4,59.9,375.0,604.0,35.5,211.0,37.2
5.78,17.6,956.0,1554.0,22.3,80.6,437.0,594.0,35.9,221.0,33.1
1794.0,2690.0,189.0,1134.0,132.0,42.9,264.0,533.0,5.47,106.0,95.6
305.0,478.0,233.0,422.0,28.1,85.1,474.0,770.0,40.0,279.0,33.7
661.0,947.0,76.4,138.0,9.39,132.0,661.0,1700.0,13.1,66.7,35.5
1981.0,2763.0,223.0,379.0,16.8,478.0,2595.0,799.0,26.4,139.0,48.7
59.9,98.2,615.0,1009.0,51.4,118.0,610.0,496.0,13.7,66.7,28.6
835.0,1208.0,679.0,1046.0,15.1,55.7,337.0,523.0,45.7,281.0,46.1
698.0,1144.0,279.0,461.0,20.7,22.9,68.5,547.0,69.2,355.0,67.9
170.0,207.0,179.0,302.0,22.3,61.5,334.0,407.0,54.2,346.0,31.3
74.3,89.0,578.0,931.0,38.5,16.4,63.8,379.0,53.3,328.0,40.3
253.0,355.0,389.0,667.0,25.5,104.0,528.0,547.0,11.4,53.3,38.9
196.0,281.0,281.0,505.0,5.47,101.0,519.0,770.0,39.2,229.0,32.2
63.2,86.6,449.0,638.0,20.4,53.3,269.0,939.0,7.84,20.7,27.1
441.0,673.0,82.8,799.0,88.2,77.0,346.0,445.0,29.2,178.0,15.7
42.2,45.3,514.0,866.0,8.43,53.3,297.0,599.0,89.0,588.0,153.0
279.0,349.0,107.0,196.0,3.65,31.6,145.0,441.0,19.1,107.0,1.06
337.0,509.0,346.0,483.0,23.5,146.0,437.0,1263.0,40.7,246.0,24.6
9.56,11.4,235.0,355.0,13.8,31.1,89.8,649.0,25.9,125.0,36.2
294.0,400.0,209.0,346.0,15.5,6.38,18.9,170.0,13.3,68.5,53.3
117.0,151.0,101.0,191.0,20.4,44.5,262.0,433.0,18.9,68.5,22.3
710.0,1084.0,372.0,692.0,10.4,137.0,750.0,519.0,32.2,143.0,48.7
528.0,828.0,325.0,1027.0,44.1,10.6,40.7,764.0,40.0,253.0,23.3
75.7,111.0,514.0,922.0,29.4,38.5,200.0,375.0,127.0,851.0,121.0
42.9,71.7,914.0,1472.0,19.3,14.7,66.1,73.0,26.9,40.7,2.39
253.0,375.0,385.0,737.0,14.2,57.3,311.0,211.0,66.1,392.0,34.6
264.0,457.0,667.0,1124.0,30.0,44.9,264.0,410.0,66.1,365.0,198.0
362.0,542.0,112.0,193.0,25.7,53.8,267.0,297.0,33.4,198.0,20.4
235.0,334.0,457.0,743.0,25.9,9.22,32.8,313.0,76.4,457.0,106.0
34.6,41.0,14.2,43.3,23.7,91.4,478.0,403.0,30.8,154.0,52.8
127.0,219.0,382.0,673.0,16.8,86.6,470.0,75.7,36.2,231.0,30.2
267.0,362.0,175.0,292.0,8.06,14.9,78.4,615.0,25.7,93.9,50.9
62.6,63.8,343.0,552.0,25.7,20.4,141.0,1230.0,43.3,289.0,38.2
372.0,599.0,1065.0,1715.0,45.3,53.3,172.0,2308.0,38.9,233.0,67.9
1084.0,1611.0,466.0,770.0,21.3,141.0,806.0,101.0,40.7,237.0,40.0
2738.0,3889.0,36.8,196.0,33.7,125.0,644.0,328.0,44.1,316.0,51.4
241.0,368.0,311.0,496.0,6.32,41.8,188.0,466.0,51.4,343.0,22.5
1241.0,1794.0,126.0,233.0,18.8,98.2,487.0,478.0,20.0,95.6,29.7
43.3,73.0,281.0,392.0,11.3,49.1,267.0,588.0,20.4,139.0,2.15
72.3,90.6,483.0,914.0,37.2,10.3,18.4,346.0,36.8,239.0,44.1
661.0,1037.0,262.0,470.0,11.8,41.8,233.0,400.0,86.6,567.0,30.0
292.0,457.0,235.0,368.0,10.2,215.0,1197.0,557.0,164.0,947.0,167.0
91.4,133.0,898.0,1512.0,35.2,66.1,385.0,422.0,15.3,24.1,4.03
130.0,155.0,89.8,311.0,16.4,43.3,225.0,372.0,50.5,274.0,101.0
111.0,143.0,122.0,264.0,3.89,23.7,161.0,453.0,49.6,269.0,24.1
30.5,30.5,483.0,898.0,29.4,51.9,257.0,835.0,13.0,72.3,35.2
319.0,422.0,547.0,939.0,31.1,35.9,198.0,200.0,75.0,470.0,36.5
578.0,906.0,239.0,453.0,14.9,108.0,562.0,79.1,40.7,284.0,29.2
449.0,644.0,117.0,227.0,15.8,362.0,1928.0,487.0,58.3,392.0,20.4
117.0,213.0,276.0,449.0,15.1,78.4,379.0,509.0,41.8,302.0,34.3
615.0,939.0,396.0,991.0,106.0,49.1,259.0,538.0,64.9,355.0,170.0
313.0,441.0,136.0,457.0,67.9,51.9,246.0,723.0,34.6,225.0,58.3
77.7,98.2,813.0,1298.0,15.7,325.0,1811.0,385.0,42.2,241.0,41.4
153.0,225.0,99.1,163.0,17.3,52.8,137.0,743.0,23.1,141.0,23.3
368.0,538.0,11.8,21.3,35.2,27.1,138.0,294.0,24.8,167.0,26.9
349.0,533.0,610.0,1165.0,15.8,40.3,189.0,352.0,39.2,262.0,50.0
1046.0,1486.0,73.0,100.0,8.58,19.3,79.1,346.0,14.7,41.4,75.0
334.0,533.0,246.0,433.0,58.3,127.0,519.0,685.0,36.8,167.0,54.7
922.0,1407.0,211.0,1046.0,119.0,16.0,75.0,253.0,8.74,53.8,42.9
90.6,104.0,276.0,453.0,19.8,113.0,644.0,599.0,18.3,73.7,38.5
1018.0,1486.0,117.0,233.0,13.7,8.66,38.9,519.0,46.1,246.0,63.2
205.0,289.0,223.0,362.0,33.1,213.0,1275.0,400.0,21.9,87.4,18.1
213.0,331.0,552.0,914.0,21.3,71.0,382.0,649.0,13.7,72.3,25.9
165.0,246.0,215.0,284.0,15.8,109.0,552.0,441.0,84.3,466.0,100.0
200.0,269.0,117.0,813.0,63.8,132.0,673.0,1009.0,36.5,229.0,44.1
914.0,1420.0,112.0,225.0,13.7,153.0,828.0,429.0,37.5,211.0,54.2
143.0,281.0,83.5,198.0,18.1,98.2,483.0,60.4,58.8,365.0,6.04
142.0,253.0,191.0,328.0,12.7,20.7,93.9,655.0,25.9,131.0,24.8
229.0,328.0,90.6,184.0,13.6,461.0,2414.0,679.0,94.7,547.0,36.2
1778.0,2503.0,644.0,1037.0,23.7,41.4,233.0,337.0,117.0,743.0,5.47
85.8,127.0,78.4,130.0,25.0,25.5,121.0,237.0,84.3,583.0,43.7
227.0,322.0,578.0,851.0,51.9,44.5,300.0,38.2,36.2,164.0,50.5
319.0,414.0,20.9,21.7,11.9,26.9,124.0,311.0,90.6,578.0,73.7
588.0,914.0,294.0,500.0,6.92,89.8,426.0,445.0,51.9,319.0,51.9
223.0,313.0,7.99,12.6,10.9,72.3,375.0,599.0,20.2,127.0,40.3
1252.0,1747.0,40.0,39.6,56.2,308.0,1554.0,1459.0,18.4,104.0,32.5
221.0,269.0,63.8,248.0,30.5,173.0,820.0,3587.0,40.0,233.0,34.6
414.0,615.0,184.0,292.0,2.25,31.3,154.0,474.0,40.0,229.0,29.7
209.0,302.0,528.0,922.0,6.98,44.9,211.0,661.0,34.6,161.0,2.94
491.0,750.0,276.0,385.0,21.5,51.9,264.0,777.0,55.2,392.0,62.6
965.0,1554.0,649.0,1155.0,40.7,56.7,267.0,557.0,47.4,259.0,37.5
359.0,594.0,638.0,1018.0,30.2,29.7,147.0,578.0,45.7,279.0,36.2
1877.0,2690.0,73.0,375.0,6.61,474.0,2414.0,567.0,13.1,39.2,16.3
292.0,433.0,229.0,429.0,18.4,50.5,300.0,449.0,28.9,181.0,24.1
151.0,183.0,1027.0,1512.0,44.1,56.7,325.0,615.0,15.0,75.7,58.3
1055.0,1512.0,72.3,141.0,17.5,13.8,49.6,538.0,31.6,191.0,26.2
250.0,362.0,5.52,22.1,86.6,45.7,227.0,528.0,81.3,567.0,13.6
101.0,153.0,118.0,186.0,30.2,67.9,379.0,86.6,62.6,337.0,112.0
136.0,179.0,632.0,1219.0,29.7,31.9,141.0,437.0,55.2,368.0,15.0
32.5,34.0,890.0,1472.0,55.7,37.9,126.0,567.0,50.5,325.0,14.5
866.0,1208.0,19.1,22.9,8.51,352.0,1860.0,882.0,64.4,407.0,35.9
170.0,231.0,359.0,835.0,28.9,94.7,466.0,661.0,85.8,538.0,32.2
120.0,253.0,151.0,241.0,10.1,55.2,308.0,649.0,20.0,117.0,50.0
184.0,259.0,133.0,227.0,34.3,60.4,400.0,355.0,50.5,340.0,18.6
44.1,40.7,183.0,638.0,33.7,67.9,426.0,567.0,79.1,514.0,36.2
205.0,300.0,198.0,362.0,4.07,43.7,264.0,400.0,19.3,66.7,41.0
100.0,178.0,141.0,313.0,46.1,92.2,491.0,673.0,39.2,219.0,28.9
158.0,253.0,117.0,193.0,12.0,81.3,441.0,379.0,43.7,276.0,35.2
1928.0,2788.0,730.0,1197.0,16.7,86.6,466.0,882.0,14.1,50.5,36.8
10.6,45.7,136.0,213.0,10.3,237.0,1155.0,1165.0,43.3,267.0,58.3
271.0,426.0,108.0,262.0,56.2,122.0,679.0,102.0,23.3,124.0,50.9
461.0,661.0,528.0,1395.0,59.4,32.2,130.0,385.0,66.7,379.0,142.0
4.74,4.29,29.7,168.0,49.1,67.9,403.0,375.0,13.1,34.6,68.5
78.4,193.0,95.6,153.0,17.6,112.0,385.0,1165.0,13.8,55.7,64.9
308.0,478.0,231.0,400.0,6.67,157.0,866.0,799.0,15.5,75.0,45.7
337.0,500.0,250.0,400.0,4.57,41.4,235.0,509.0,49.1,271.0,41.0
422.0,615.0,106.0,175.0,17.6,33.1,97.3,392.0,25.0,124.0,34.9
449.0,632.0,167.0,359.0,6.79,44.1,193.0,470.0,18.4,97.3,53.3
33.4,27.6,179.0,294.0,20.9,73.7,470.0,505.0,114.0,679.0,50.5
87.4,94.7,453.0,730.0,17.0,123.0,673.0,552.0,28.6,150.0,52.3
164.0,241.0,267.0,426.0,12.7,44.9,246.0,407.0,67.3,392.0,27.9
77.0,114.0,72.3,111.0,11.1,255.0,1346.0,407.0,12.9,40.7,41.0
98.2,168.0,313.0,478.0,8.98,39.6,221.0,269.0,62.6,379.0,54.7
32.5,37.2,500.0,866.0,13.2,53.3,279.0,418.0,37.5,248.0,31.9
835.0,1219.0,3.11,1.86,17.6,51.4,281.0,457.0,44.1,239.0,1.13
103.0,186.0,239.0,372.0,10.8,227.0,1286.0,453.0,90.6,626.0,153.0
117.0,157.0,231.0,403.0,34.6,29.7,193.0,757.0,63.8,340.0,54.7
1009.0,1540.0,163.0,308.0,29.2,13.0,55.7,583.0,47.8,248.0,51.9
777.0,1241.0,40.0,51.9,16.0,71.7,449.0,403.0,28.9,165.0,27.4
410.0,704.0,151.0,259.0,19.1,94.7,528.0,552.0,13.5,71.7,58.3
1208.0,1685.0,626.0,1084.0,36.8,40.7,227.0,866.0,25.7,189.0,32.2
160.0,223.0,264.0,396.0,15.1,31.6,112.0,704.0,10.6,40.0,31.6
292.0,422.0,153.0,284.0,7.57,11.9,53.8,418.0,14.3,73.0,41.8
235.0,362.0,160.0,757.0,89.0,1.84,16.0,11.2,40.3,235.0,51.9
188.0,255.0,441.0,791.0,43.3,41.0,163.0,973.0,86.6,594.0,46.1
906.0,1433.0,183.0,331.0,14.6,91.4,487.0,509.0,16.3,84.3,49.1
25.5,24.8,235.0,368.0,37.2,155.0,858.0,155.0,4.0,33.1,28.1
229.0,325.0,262.0,457.0,15.7,25.3,74.3,334.0,15.8,46.1,75.0
385.0,610.0,209.0,355.0,46.1,73.7,441.0,445.0,16.8,80.6,34.3
835.0,1208.0,75.7,118.0,2.94,271.0,1625.0,403.0,40.3,221.0,38.2
92.2,158.0,76.4,135.0,14.2,368.0,2091.0,429.0,11.2,43.7,25.5
276.0,396.0,160.0,279.0,12.5,26.2,133.0,784.0,18.8,82.8,40.7
9.39,12.0,142.0,217.0,19.6,59.9,292.0,1208.0,96.5,588.0,100.0
146.0,191.0,98.2,160.0,54.2,14.3,44.9,621.0,38.9,179.0,125.0
791.0,1155.0,95.6,172.0,8.43,50.0,271.0,407.0,31.9,172.0,35.2
1928.0,2690.0,1275.0,2035.0,66.1,12.5,42.9,626.0,89.0,578.0,21.5
311.0,441.0,23.7,163.0,28.1,75.0,372.0,1241.0,45.7,250.0,120.0
289.0,422.0,209.0,337.0,49.1,107.0,578.0,403.0,49.1,337.0,58.8
33.4,48.7,470.0,890.0,20.9,85.1,426.0,281.0,45.7,292.0,66.7
528.0,882.0,126.0,202.0,6.61,65.5,379.0,441.0,37.5,186.0,47.0
255.0,365.0,973.0,1582.0,56.2,34.0,157.0,349.0,40.3,241.0,20.4
59.9,73.7,71.7,121.0,23.5,41.4,217.0,379.0,11.9,44.1,44.1
178.0,308.0,470.0,1420.0,22.1,157.0,922.0,519.0,23.3,143.0,56.2
1310.0,1894.0,229.0,396.0,19.1,24.8,104.0,514.0,32.5,176.0,35.5
50.9,103.0,112.0,235.0,15.1,49.1,284.0,466.0,21.9,100.0,41.4
1370.0,1928.0,93.9,172.0,11.9,58.8,322.0,692.0,17.3,135.0,24.1
375.0,588.0,71.7,105.0,12.5,31.1,189.0,449.0,13.9,31.9,30.5
147.0,219.0,68.5,101.0,16.5,12.9,42.9,262.0,39.2,215.0,63.8
153.0,237.0,106.0,328.0,30.8,179.0,1075.0,547.0,50.5,289.0,15.5
209.0,292.0,257.0,429.0,42.2,52.3,237.0,403.0,26.4,183.0,37.5
279.0,414.0,328.0,528.0,26.7,32.8,179.0,414.0,31.1,104.0,202.0
982.0,1433.0,150.0,250.0,2.59,698.0,3652.0,1499.0,48.7,279.0,102.0
750.0,1155.0,81.3,143.0,19.6,189.0,1065.0,710.0,2.11,29.4,2.46
519.0,806.0,178.0,334.0,8.35,1.0,4.41,6.85,13.1,39.6,21.9
170.0,286.0,147.0,264.0,19.3,57.3,331.0,470.0,43.7,267.0,34.3
244.0,359.0,235.0,487.0,34.0,13.0,46.6,418.0,21.5,114.0,35.2
594.0,947.0,410.0,743.0,36.5,34.9,163.0,567.0,71.7,466.0,84.3
50.9,61.0,22.3,64.4,11.0,75.0,379.0,1114.0,31.9,211.0,31.1
90.6,122.0,172.0,294.0,18.1,286.0,1554.0,523.0,31.9,165.0,49.1
368.0,547.0,207.0,281.0,7.5,114.0,638.0,68.5,16.3,50.9,34.6
710.0,1027.0,205.0,362.0,31.9,87.4,578.0,137.0,21.7,122.0,21.7
89.0,131.0,1263.0,1877.0,31.6,77.7,403.0,542.0,38.9,217.0,34.0
523.0,813.0,991.0,1670.0,32.8,30.5,114.0,542.0,70.4,474.0,35.9
211.0,311.0,764.0,1286.0,18.6,45.7,233.0,813.0,28.6,124.0,37.2
441.0,710.0,538.0,1155.0,89.8,125.0,445.0,1946.0,16.1,87.4,44.1
56.2,100.0,102.0,170.0,27.4,158.0,922.0,547.0,28.6,189.0,57.8
213.0,340.0,372.0,599.0,6.21,100.0,533.0,337.0,29.7,160.0,39.6
331.0,429.0,165.0,289.0,11.9,25.0,165.0,505.0,37.5,205.0,132.0
262.0,355.0,389.0,655.0,72.3,57.3,311.0,445.0,26.2,146.0,15.8
76.4,79.9,54.7,229.0,33.7,59.4,375.0,542.0,57.3,362.0,22.9
1499.0,2091.0,685.0,1134.0,20.2,38.9,207.0,483.0,19.5,106.0,48.7
50.0,56.7,56.2,92.2,15.7,93.9,533.0,483.0,16.8,95.6,25.3
225.0,313.0,106.0,172.0,6.98,100.0,294.0,667.0,14.3,47.4,49.1
225.0,359.0,111.0,143.0,20.7,26.2,121.0,437.0,15.5,77.0,63.2
94.7,167.0,271.0,433.0,23.3,126.0,717.0,717.0,24.1,186.0,33.4
189.0,346.0,33.7,246.0,12.4,73.7,407.0,621.0,27.4,146.0,31.6
